visibility,endDate,totalSlots,openTo,name,description,location,closingDate,committeeSlots,startDate,staffIC
TRUE,20240120,9,NTU,Java Crash Course,Java for Newbies,SWLab2,20240107,4,20240117,ARVI
TRUE,20240812,10,NTU,UOC,Union Orientation Camp,LT19,20240607,8,20240809,HUKUMAR
TRUE,20240108,5,NTU,Hall Camp,Hall Camp unites,Hall 1,20240101,3,20240105,HUKUMAR
TRUE,20240109,5,ADM,Design!2024,Design is our life.,ADM Building,20240101,3,20240108,OURIN
TRUE,20240101,10,NTU,2002special,curry,curryland,20231212,5,20240101,ARVI
TRUE,20240101,30,NTU,NewYearEve,Party!,gaia,20231101,10,20240101,ARVI
TRUE,20240305,25,NTU,C++ Crash Course,Second half of semester,SWLab-2,20240228,1,20240303,ASFLI
TRUE,20240101,10,SCSE,Python Course,DSAI,SWLab-1,20231227,5,20231230,ASFLI
