Sender,Message,CampName,enquiryResponder,reply,status
AKY013,Whatsup dog?,JAVACRASHCOURSE,ARVI,Yes,VIEWED
CT113,Can I attend on Zoom?,JAVACRASHCOURSE,ARVI,No,VIEWED
KOH1,Is this camp for popular kids only?,UOC,HUKUMAR,Of course not!,VIEWED
KOH1,Do I need to pay/,Design!2024,DON84,Of course not,VIEWED
DON84,hello,UOC,HUKUMAR,hi,VIEWED
DL007,What are we making?,MAKERS,,,VIEWED
CT113,,MAKERS,DL007,Yes,VIEWED
CT113,lol,MAKERS,,,VIEWED
YLEE136,What is C++?,C++ Crash Course,,,VIEWED
YLEE136,Will there be food?,C++ Crash Course,,,VIEWED
YASHVER001,What prerequisites needed?,C++ Crash Course,,,VIEWED
LOTZ0001,Increase the slots pleasee...,C++ Crash Course,YLEE136,Sure we will increase it,VIEWED
