NetworkID,HashedPassword,UserType
HUKUMAR,5e884898da28047151d0e56f8dc6292773603d0d6aabbdd62a11ef721d1542d8,STAFF
OURIN,5e884898da28047151d0e56f8dc6292773603d0d6aabbdd62a11ef721d1542d8,STAFF
UPAM,5e884898da28047151d0e56f8dc6292773603d0d6aabbdd62a11ef721d1542d8,STAFF
ANWIT,5e884898da28047151d0e56f8dc6292773603d0d6aabbdd62a11ef721d1542d8,STAFF
ARVI,5e884898da28047151d0e56f8dc6292773603d0d6aabbdd62a11ef721d1542d8,STAFF
FANGKAI002,5e884898da28047151d0e56f8dc6292773603d0d6aabbdd62a11ef721d1542d8,STAFF
ASFLI,a665a45920422f9d417e4867efdc4fb8a04a1f3fff1fa07e998e86f7f7a27ae3,STAFF
YCHERN,5e884898da28047151d0e56f8dc6292773603d0d6aabbdd62a11ef721d1542d8,STUDENT
KOH1,5e884898da28047151d0e56f8dc6292773603d0d6aabbdd62a11ef721d1542d8,STUDENT
BR015,5e884898da28047151d0e56f8dc6292773603d0d6aabbdd62a11ef721d1542d8,STUDENT
CT113,5e884898da28047151d0e56f8dc6292773603d0d6aabbdd62a11ef721d1542d8,STUDENT
YCN019,5e884898da28047151d0e56f8dc6292773603d0d6aabbdd62a11ef721d1542d8,STUDENT
DL007,5e884898da28047151d0e56f8dc6292773603d0d6aabbdd62a11ef721d1542d8,STUDENT
DON84,5e884898da28047151d0e56f8dc6292773603d0d6aabbdd62a11ef721d1542d8,STUDENT
ELI34,5e884898da28047151d0e56f8dc6292773603d0d6aabbdd62a11ef721d1542d8,STUDENT
LE51,5e884898da28047151d0e56f8dc6292773603d0d6aabbdd62a11ef721d1542d8,STUDENT
SL22,5e884898da28047151d0e56f8dc6292773603d0d6aabbdd62a11ef721d1542d8,STUDENT
AKY013,5e884898da28047151d0e56f8dc6292773603d0d6aabbdd62a11ef721d1542d8,STUDENT
YASHVER001,a665a45920422f9d417e4867efdc4fb8a04a1f3fff1fa07e998e86f7f7a27ae3,STUDENT
YLEE136,a665a45920422f9d417e4867efdc4fb8a04a1f3fff1fa07e998e86f7f7a27ae3,STUDENT
LOTZ0001,a665a45920422f9d417e4867efdc4fb8a04a1f3fff1fa07e998e86f7f7a27ae3,STUDENT
JJWONG,5e884898da28047151d0e56f8dc6292773603d0d6aabbdd62a11ef721d1542d8,STUDENT
