Faculty,Points,Email,NetworkID,Name
SCSE,0,YCHERN@e.ntu.edu.sg;,YCHERN,CHERN 
ADM,0,KOH1@e.ntu.edu.sg;,KOH1,KOH 
EEE,0,BR015@e.ntu.edu.sg;,BR015,BRANDON 
SCSE,0,CT113@e.ntu.edu.sg;,CT113,CALVIN 
NBS,0,YCN019@e.ntu.edu.sg;,YCN019,CHAN
SCSE,2,DL007@e.ntu.edu.sg;,DL007,DENISE
ADM,3,DON84@e.ntu.edu.sg;,DON84,DONG
EEE,0,ELI34@e.ntu.edu.sg;,ELI34,ERNEST
SCSE,0,LE51@e.ntu.edu.sg;,LE51,LEE 
NBS,0,SL22@e.ntu.edu.sg;,SL22,LIU 
SSS,0,AKY013@e.ntu.edu.sg;,AKY013,RAWAL
SCSE,0,YASHVER001@e.ntu.edu.sg;,YASHVER001,YASHVER SHORI 
SCSE,5,YLEE136@e.ntu.edu.sg;,YLEE136,LEE YU QUAN
SCSE,0,LOTZ0001@e.ntu.edu.sg;,LOTZ0001,NATHANIEL LO 
SCSE,0,JJWONG@e.ntu.edu.sg;,JJWONG,JUN JIE
