UPAM,YLEE136,YCN019,ASFLI,BR015,ELI34,LOTZ0001,ANWIT,KOH1,DL007,FANGKAI002,OURIN,YCHERN,HUKUMAR,JJWONG,CT113,CampName,LE51,AKY013,YASHVER001,ARVI,DON84,SL22
UNINVOLVED,UNINVOLVED,UNINVOLVED,UNINVOLVED,UNINVOLVED,UNINVOLVED,UNINVOLVED,UNINVOLVED,COMMITTEE,UNINVOLVED,UNINVOLVED,UNINVOLVED,UNINVOLVED,UNINVOLVED,UNINVOLVED,UNINVOLVED,Java Crash Course,UNINVOLVED,UNINVOLVED,UNINVOLVED,CREATOR,BLACKLISTED,UNINVOLVED
UNINVOLVED,UNINVOLVED,UNINVOLVED,UNINVOLVED,UNINVOLVED,UNINVOLVED,UNINVOLVED,UNINVOLVED,UNINVOLVED,UNINVOLVED,UNINVOLVED,UNINVOLVED,UNINVOLVED,CREATOR,UNINVOLVED,UNINVOLVED,UOC,UNINVOLVED,UNINVOLVED,UNINVOLVED,UNINVOLVED,UNINVOLVED,UNINVOLVED
UNINVOLVED,UNINVOLVED,UNINVOLVED,UNINVOLVED,UNINVOLVED,UNINVOLVED,UNINVOLVED,UNINVOLVED,UNINVOLVED,UNINVOLVED,UNINVOLVED,UNINVOLVED,UNINVOLVED,CREATOR,UNINVOLVED,UNINVOLVED,Hall Camp,UNINVOLVED,UNINVOLVED,UNINVOLVED,UNINVOLVED,UNINVOLVED,UNINVOLVED
UNINVOLVED,UNINVOLVED,UNINVOLVED,UNINVOLVED,UNINVOLVED,UNINVOLVED,UNINVOLVED,UNINVOLVED,UNINVOLVED,UNINVOLVED,UNINVOLVED,CREATOR,UNINVOLVED,UNINVOLVED,UNINVOLVED,UNINVOLVED,Design!2024,UNINVOLVED,UNINVOLVED,UNINVOLVED,UNINVOLVED,COMMITTEE,UNINVOLVED
UNINVOLVED,UNINVOLVED,UNINVOLVED,UNINVOLVED,UNINVOLVED,UNINVOLVED,UNINVOLVED,UNINVOLVED,UNINVOLVED,UNINVOLVED,UNINVOLVED,UNINVOLVED,UNINVOLVED,UNINVOLVED,UNINVOLVED,UNINVOLVED,2002special,UNINVOLVED,UNINVOLVED,UNINVOLVED,CREATOR,UNINVOLVED,UNINVOLVED
UNINVOLVED,UNINVOLVED,UNINVOLVED,UNINVOLVED,UNINVOLVED,UNINVOLVED,UNINVOLVED,UNINVOLVED,UNINVOLVED,UNINVOLVED,UNINVOLVED,UNINVOLVED,UNINVOLVED,UNINVOLVED,UNINVOLVED,UNINVOLVED,NewYearEve,UNINVOLVED,UNINVOLVED,UNINVOLVED,CREATOR,UNINVOLVED,UNINVOLVED
UNINVOLVED,COMMITTEE,UNINVOLVED,CREATOR,UNINVOLVED,UNINVOLVED,UNINVOLVED,UNINVOLVED,UNINVOLVED,UNINVOLVED,UNINVOLVED,UNINVOLVED,UNINVOLVED,UNINVOLVED,UNINVOLVED,UNINVOLVED,C++ Crash Course,UNINVOLVED,UNINVOLVED,ATTENDEE,UNINVOLVED,UNINVOLVED,UNINVOLVED
UNINVOLVED,UNINVOLVED,UNINVOLVED,CREATOR,UNINVOLVED,UNINVOLVED,UNINVOLVED,UNINVOLVED,UNINVOLVED,UNINVOLVED,UNINVOLVED,UNINVOLVED,UNINVOLVED,UNINVOLVED,UNINVOLVED,UNINVOLVED,Python Course,UNINVOLVED,UNINVOLVED,UNINVOLVED,UNINVOLVED,UNINVOLVED,UNINVOLVED
